{
  "version": "20260204_184606",
  "created_at_utc": "2026-02-04T18:46:16.984740",
  "dim_path": "data/silver/dim_mermas_ajuste_fecha_post_destino.parquet",
  "target": "ajuste",
  "clip_range_apply": [
    0.8,
    1.5
  ],
  "features": {
    "num": [
      "dow",
      "month",
      "weekofyear"
    ],
    "cat": [
      "destino"
    ]
  },
  "best_model": "hgb",
  "metrics": {
    "ridge": {
      "mae_mean": 0.07109798054724774,
      "mae_std": 0.01437513907797565,
      "score": 0.06258955432685692,
      "n_rows": 606,
      "n_folds": 4
    },
    "gbr": {
      "mae_mean": 0.08048882795091263,
      "mae_std": 0.03960488312156565,
      "score": 0.07435623622651058,
      "n_rows": 606,
      "n_folds": 4
    },
    "hgb": {
      "mae_mean": 0.06579330072960679,
      "mae_std": 0.029405085905389646,
      "score": 0.06033506850597422,
      "n_rows": 606,
      "n_folds": 4
    },
    "rf": {
      "mae_mean": 0.06716901641067796,
      "mae_std": 0.03283160906788777,
      "score": 0.06201840530925943,
      "n_rows": 606,
      "n_folds": 4
    }
  },
  "model_path": "models_registry/ml1/ajuste_poscosecha/20260204_184606/model.joblib"
}