{
  "version": "20260204_185651",
  "created_at_utc": "2026-02-04T18:56:51.385191",
  "features_path": "data\\features\\features_cosecha_bloque_fecha.parquet",
  "n_rows_train_total": 29521,
  "n_folds_default": 4,
  "grades": [
    15,
    20,
    25,
    30,
    35,
    40,
    45,
    50,
    55,
    60,
    65,
    70,
    75
  ],
  "best_by_grade": {
    "15": {
      "best_model": "hgb",
      "metrics": {
        "ridge": {
          "mae_mean": 0.24239097937887488,
          "mae_std": 0.09987169820585921,
          "wape_mean": 2.288968843093506,
          "smape_mean": 1.6147906472980522,
          "score": 0.8349864463173119,
          "n_rows": 18,
          "n_folds": 4
        },
        "gbr": {
          "mae_mean": 0.1664415589435934,
          "mae_std": 0.10408342474535763,
          "wape_mean": 1.1815418313982413,
          "smape_mean": 1.103677496444896,
          "score": 0.4616179205502524,
          "n_rows": 18,
          "n_folds": 4
        },
        "hgb": {
          "mae_mean": 0.13627763291282136,
          "mae_std": 0.12710428364805462,
          "wape_mean": 0.7590870578638027,
          "smape_mean": 0.8055044287094147,
          "score": 0.3217444580084008,
          "n_rows": 18,
          "n_folds": 4
        },
        "rf": {
          "mae_mean": 0.1364390607965445,
          "mae_std": 0.12687874604051974,
          "wape_mean": 0.7613039109707482,
          "smape_mean": 0.8040975350628443,
          "score": 0.3224644686354019,
          "n_rows": 18,
          "n_folds": 4
        }
      },
      "model_path": "models_registry/ml1/dist_grado/20260204_185651/model_grade_15.joblib"
    },
    "20": {
      "best_model": "rf",
      "metrics": {
        "ridge": {
          "mae_mean": 0.3312652126166473,
          "mae_std": 0.13577215951316848,
          "wape_mean": 1.7875818119493545,
          "smape_mean": 1.2096942589661848,
          "score": 0.7388362344509376,
          "n_rows": 102,
          "n_folds": 4
        },
        "gbr": {
          "mae_mean": 0.18658512283592654,
          "mae_std": 0.07514351299639485,
          "wape_mean": 1.0095107773803045,
          "smape_mean": 0.8507252587371305,
          "score": 0.41674657772331014,
          "n_rows": 102,
          "n_folds": 4
        },
        "hgb": {
          "mae_mean": 0.16193369488637976,
          "mae_std": 0.03237800256351538,
          "wape_mean": 0.9635397517161719,
          "smape_mean": 0.884950657625126,
          "score": 0.38298215808688774,
          "n_rows": 102,
          "n_folds": 4
        },
        "rf": {
          "mae_mean": 0.16268320796123015,
          "mae_std": 0.054669879134055334,
          "wape_mean": 0.8941890718048894,
          "smape_mean": 0.8244112597457667,
          "score": 0.3659329677902517,
          "n_rows": 102,
          "n_folds": 4
        }
      },
      "model_path": "models_registry/ml1/dist_grado/20260204_185651/model_grade_20.joblib"
    },
    "25": {
      "best_model": "rf",
      "metrics": {
        "ridge": {
          "mae_mean": 0.3167502252364347,
          "mae_std": 0.019313499683772745,
          "wape_mean": 0.7972394723279566,
          "smape_mean": 0.8875775414191702,
          "score": 0.41628149053099195,
          "n_rows": 5840,
          "n_folds": 4
        },
        "gbr": {
          "mae_mean": 0.2239325820665024,
          "mae_std": 0.04211617932719343,
          "wape_mean": 0.5663338514346573,
          "smape_mean": 0.6852450302769227,
          "score": 0.2993805024660525,
          "n_rows": 5840,
          "n_folds": 4
        },
        "hgb": {
          "mae_mean": 0.22432254730523377,
          "mae_std": 0.050626896665862585,
          "wape_mean": 0.5673813998589132,
          "smape_mean": 0.6937341466270609,
          "score": 0.301185855475432,
          "n_rows": 5840,
          "n_folds": 4
        },
        "rf": {
          "mae_mean": 0.22312093394854868,
          "mae_std": 0.0457833208751409,
          "wape_mean": 0.5634854627533477,
          "smape_mean": 0.6701289303345337,
          "score": 0.29862965062897723,
          "n_rows": 5840,
          "n_folds": 4
        }
      },
      "model_path": "models_registry/ml1/dist_grado/20260204_185651/model_grade_25.joblib"
    },
    "30": {
      "best_model": "gbr",
      "metrics": {
        "ridge": {
          "mae_mean": 0.26060563001329107,
          "mae_std": 0.010676331745779371,
          "wape_mean": 0.5659705968900443,
          "smape_mean": 0.6365447129747125,
          "score": 0.31472572533619025,
          "n_rows": 3847,
          "n_folds": 4
        },
        "gbr": {
          "mae_mean": 0.24863925268299564,
          "mae_std": 0.013361225409656731,
          "wape_mean": 0.5398243453704312,
          "smape_mean": 0.6121295728934599,
          "score": 0.30070307639822547,
          "n_rows": 3847,
          "n_folds": 4
        },
        "hgb": {
          "mae_mean": 0.2557762369928731,
          "mae_std": 0.01138610515690445,
          "wape_mean": 0.5556745596211672,
          "smape_mean": 0.6219706465799703,
          "score": 0.30908721400596606,
          "n_rows": 3847,
          "n_folds": 4
        },
        "rf": {
          "mae_mean": 0.2506794299835382,
          "mae_std": 0.012546183088526841,
          "wape_mean": 0.5444507209438512,
          "smape_mean": 0.6160408062917813,
          "score": 0.3030908302373804,
          "n_rows": 3847,
          "n_folds": 4
        }
      },
      "model_path": "models_registry/ml1/dist_grado/20260204_185651/model_grade_30.joblib"
    },
    "35": {
      "best_model": "rf",
      "metrics": {
        "ridge": {
          "mae_mean": 0.2590977359717723,
          "mae_std": 0.014158053771385229,
          "wape_mean": 0.5458626223005077,
          "smape_mean": 0.6039248173872296,
          "score": 0.3083862495403349,
          "n_rows": 4445,
          "n_folds": 4
        },
        "gbr": {
          "mae_mean": 0.25240794126428495,
          "mae_std": 0.008614797884744776,
          "wape_mean": 0.5322711912970817,
          "smape_mean": 0.5915618004454625,
          "score": 0.29979794476719296,
          "n_rows": 4445,
          "n_folds": 4
        },
        "hgb": {
          "mae_mean": 0.25661511224541983,
          "mae_std": 0.00788378276486868,
          "wape_mean": 0.5418319954337256,
          "smape_mean": 0.5963850807674276,
          "score": 0.3048704777798289,
          "n_rows": 4445,
          "n_folds": 4
        },
        "rf": {
          "mae_mean": 0.2503241090112253,
          "mae_std": 0.009367005506206092,
          "wape_mean": 0.5280680667204589,
          "smape_mean": 0.5842713462414539,
          "score": 0.29750373079824255,
          "n_rows": 4445,
          "n_folds": 4
        }
      },
      "model_path": "models_registry/ml1/dist_grado/20260204_185651/model_grade_35.joblib"
    },
    "40": {
      "best_model": "rf",
      "metrics": {
        "ridge": {
          "mae_mean": 0.2641926268379007,
          "mae_std": 0.023959312561977697,
          "wape_mean": 0.5731635184424115,
          "smape_mean": 0.6091859375767259,
          "score": 0.3208488971778655,
          "n_rows": 4296,
          "n_folds": 4
        },
        "gbr": {
          "mae_mean": 0.24862455776210396,
          "mae_std": 0.015389483313786565,
          "wape_mean": 0.5406418790708403,
          "smape_mean": 0.588923398852859,
          "score": 0.30124449298747724,
          "n_rows": 4296,
          "n_folds": 4
        },
        "hgb": {
          "mae_mean": 0.2500964769901962,
          "mae_std": 0.008087455770262238,
          "wape_mean": 0.5450599799802096,
          "smape_mean": 0.5955181406264882,
          "score": 0.30228417470421015,
          "n_rows": 4296,
          "n_folds": 4
        },
        "rf": {
          "mae_mean": 0.2432301863572535,
          "mae_std": 0.011158002216801235,
          "wape_mean": 0.5297424491481971,