{
  "version": "20260204_150210",
  "created_at_utc": "2026-02-04T15:02:16.732034",
  "fact_path": "data/silver/fact_hidratacion_real_post_grado_destino.parquet",
  "target": "1+hidr_pct",
  "clip_range_apply": [
    0.8,
    3.0
  ],
  "features": {
    "num": [
      "dow",
      "month",
      "weekofyear"
    ],
    "cat_str": [
      "destino"
    ],
    "cat_num": [
      "grado"
    ]
  },
  "best_model": "gbr",
  "metrics": {
    "ridge": {
      "mae_mean": 0.1399987974463433,
      "mae_std": 0.009878747953432283,
      "score": 0.12048079002240665,
      "n_rows": 5735,
      "n_folds": 4,
      "uses_sample_weight": true
    },
    "gbr": {
      "mae_mean": 0.13821129862283688,
      "mae_std": 0.004192522706662295,
      "score": 0.11810848223541069,
      "n_rows": 5735,
      "n_folds": 4,
      "uses_sample_weight": true
    },
    "hgb": {
      "mae_mean": 0.14074268716004038,
      "mae_std": 0.0020783360083915805,
      "score": 0.11994303448729304,
      "n_rows": 5735,
      "n_folds": 4,
      "uses_sample_weight": true
    },
    "rf": {
      "mae_mean": 0.1419268243011991,
      "mae_std": 0.008097333755857774,
      "score": 0.12185240071939789,
      "n_rows": 5735,
      "n_folds": 4,
      "uses_sample_weight": true
    }
  },
  "uses_sample_weight": true,
  "model_path": "models_registry/ml1/hidr_poscosecha/20260204_150210/model.joblib"
}