{
  "n_rows": 573,
  "n_features_num": 24,
  "features_num": [
    "dow",
    "month",
    "weekofyear",
    "b2_entropy",
    "b2_top1_share",
    "b2_top3_sum",
    "b2_grado_mean",
    "b2_share_15_25",
    "b2_share_26_35",
    "b2_share_36_45",
    "b2_share_46_55",
    "b2_share_56_75",
    "b2a_entropy",
    "b2a_top1_share",
    "b2a_top3_sum",
    "b2a_gi_mean",
    "b2a_share_gi_15_25",
    "b2a_share_gi_26_30",
    "b2a_share_gi_31_35",
    "b2a_share_gi_36_40",
    "b2a_share_gi_41_50",
    "b2a_share_sku_625",
    "b2a_share_sku_750",
    "b2a_share_sku_1000"
  ],
  "features_cat": [
    "destino"
  ],
  "desp_r2_train": 0.03864245909722108,
  "desp_r2_test": -0.02449133146540361,
  "desp_rmse_train": 0.08754784338759548,
  "desp_rmse_test": 0.06348208940223092,
  "aj_r2_train": 0.09134248819618174,
  "aj_r2_test": 0.05817638263960845,
  "aj_rmse_train": 0.07364206028927604,
  "aj_rmse_test": 0.10496235669266571,
  "created_at_utc": "2026-02-16T15:19:48.950977+00:00",
  "target": "ajuste"
}