{
  "version": "20260204_145023",
  "created_at_utc": "2026-02-04T14:50:23.944981",
  "features_path": "data\\features\\features_cosecha_bloque_fecha.parquet",
  "n_rows_train_total": 29344,
  "n_folds_default": 4,
  "grades": [
    15,
    20,
    25,
    30,
    35,
    40,
    45,
    50,
    55,
    60,
    65,
    70,
    75
  ],
  "best_by_grade": {
    "15": {
      "best_model": "hgb",
      "metrics": {
        "ridge": {
          "mae_mean": 0.24239097937887488,
          "mae_std": 0.09987169820585921,
          "wape_mean": 2.288968843093506,
          "smape_mean": 1.6147906472980522,
          "score": 0.8349864463173119,
          "n_rows": 18,
          "n_folds": 4
        },
        "gbr": {
          "mae_mean": 0.1664415589435934,
          "mae_std": 0.10408342474535763,
          "wape_mean": 1.1815418313982413,
          "smape_mean": 1.103677496444896,
          "score": 0.4616179205502524,
          "n_rows": 18,
          "n_folds": 4
        },
        "hgb": {
          "mae_mean": 0.13627763291282136,
          "mae_std": 0.12710428364805462,
          "wape_mean": 0.7590870578638027,
          "smape_mean": 0.8055044287094147,
          "score": 0.3217444580084008,
          "n_rows": 18,
          "n_folds": 4
        },
        "rf": {
          "mae_mean": 0.13643906079654447,
          "mae_std": 0.12687874604051977,
          "wape_mean": 0.7613039109707481,
          "smape_mean": 0.8040975350628443,
          "score": 0.32246446863540185,
          "n_rows": 18,
          "n_folds": 4
        }
      },
      "model_path": "models_registry/ml1/dist_grado/20260204_145023/model_grade_15.joblib"
    },
    "20": {
      "best_model": "hgb",
      "metrics": {
        "ridge": {
          "mae_mean": 0.30210184122346856,
          "mae_std": 0.10011985969138627,
          "wape_mean": 1.743532806692725,
          "smape_mean": 1.17162358423051,
          "score": 0.704233833634433,
          "n_rows": 99,
          "n_folds": 4
        },
        "gbr": {
          "mae_mean": 0.17797067532763694,
          "mae_std": 0.05607830669686813,
          "wape_mean": 1.021264203840944,
          "smape_mean": 0.8803094697112805,
          "score": 0.41267487858701374,
          "n_rows": 99,
          "n_folds": 4
        },
        "hgb": {
          "mae_mean": 0.14774684607231642,
          "mae_std": 0.027819182784422438,
          "wape_mean": 0.9106368360922326,
          "smape_mean": 0.9293591984326518,
          "score": 0.3586246935851072,
          "n_rows": 99,
          "n_folds": 4
        },
        "rf": {
          "mae_mean": 0.16425144763453767,
          "mae_std": 0.050611583868875806,
          "wape_mean": 0.9521481629551198,
          "smape_mean": 0.8471189280257443,
          "score": 0.383574482665863,
          "n_rows": 99,
          "n_folds": 4
        }
      },
      "model_path": "models_registry/ml1/dist_grado/20260204_145023/model_grade_20.joblib"
    },
    "25": {
      "best_model": "hgb",
      "metrics": {
        "ridge": {
          "mae_mean": 0.3206767715145235,
          "mae_std": 0.015262246597237232,
          "wape_mean": 0.8407595738668043,
          "smape_mean": 0.9032268712144809,
          "score": 0.4308894334826148,
          "n_rows": 5806,
          "n_folds": 4
        },
        "gbr": {
          "mae_mean": 0.22083141703584638,
          "mae_std": 0.035838366884203054,
          "wape_mean": 0.5863838944916511,
          "smape_mean": 0.6853803254350344,
          "score": 0.30274820274984127,
          "n_rows": 5806,
          "n_folds": 4
        },
        "hgb": {
          "mae_mean": 0.21840667240681588,
          "mae_std": 0.039733966255785,
          "wape_mean": 0.5805508924203583,
          "smape_mean": 0.6753077628022425,
          "score": 0.300249032488224,
          "n_rows": 5806,
          "n_folds": 4
        },
        "rf": {
          "mae_mean": 0.22090105487254671,
          "mae_std": 0.03820055489726303,
          "wape_mean": 0.58603703814189,
          "smape_mean": 0.677176147506589,
          "score": 0.30303677485705716,
          "n_rows": 5806,
          "n_folds": 4
        }
      },
      "model_path": "models_registry/ml1/dist_grado/20260204_145023/model_grade_25.joblib"
    },
    "30": {
      "best_model": "rf",
      "metrics": {
        "ridge": {
          "mae_mean": 0.2614956537388957,
          "mae_std": 0.009516571353561008,
          "wape_mean": 0.5712321745738219,
          "smape_mean": 0.6388694979877154,
          "score": 0.31661974763157336,
          "n_rows": 3780,
          "n_folds": 4
        },
        "gbr": {
          "mae_mean": 0.25091288133806944,
          "mae_std": 0.009604378846063048,
          "wape_mean": 0.5490481152029625,
          "smape_mean": 0.617034105451779,
          "score": 0.30415717612373644,
          "n_rows": 3780,
          "n_folds": 4
        },
        "hgb": {
          "mae_mean": 0.2554885864827429,
          "mae_std": 0.008856104897023813,
          "wape_mean": 0.5581877269551088,
          "smape_mean": 0.6254585755670428,
          "score": 0.30930345638659484,
          "n_rows": 3780,
          "n_folds": 4
        },
        "rf": {
          "mae_mean": 0.24889701897508648,
          "mae_std": 0.010554128041865039,
          "wape_mean": 0.5438726766458372,
          "smape_mean": 0.6147039525176179,
          "score": 0.3016382826363284,
          "n_rows": 3780,
          "n_folds": 4
        }
      },
      "model_path": "models_registry/ml1/dist_grado/20260204_145023/model_grade_30.joblib"
    },
    "35": {
      "best_model": "rf",
      "metrics": {
        "ridge": {
          "mae_mean": 0.25902725628574513,
          "mae_std": 0.013294663963380776,
          "wape_mean": 0.5421639972855331,
          "smape_mean": 0.6020396119892938,
          "score": 0.3071083897373269,
          "n_rows": 4440,
          "n_folds": 4
        },
        "gbr": {
          "mae_mean": 0.25269523921541226,
          "mae_std": 0.007088250307868213,
          "wape_mean": 0.5294172815252383,
          "smape_mean": 0.5868430086707171,
          "score": 0.2988708035722284,
          "n_rows": 4440,
          "n_folds": 4
        },
        "hgb": {
          "mae_mean": 0.25846187273027227,
          "mae_std": 0.007411463672968144,
          "wape_mean": 0.542555474490818,
          "smape_mean": 0.5937552706555773,
          "score": 0.3060323918998404,
          "n_rows": 4440,
          "n_folds": 4
        },
        "rf": {
          "mae_mean": 0.25126423084234284,
          "mae_std": 0.010766767382812695,
          "wape_mean": 0.5264555414991727,
          "smape_mean": 0.5831726478490037,
          "score": 0.2977470045204623,
          "n_rows": 4440,
          "n_folds": 4
        }
      },
      "model_path": "models_registry/ml1/dist_grado/20260204_145023/model_grade_35.joblib"
    },
    "40": {
      "best_model": "rf",
      "metrics": {
        "ridge": {
          "mae_mean": 0.26178349140372603,
          "mae_std": 0.021758887672716738,
          "wape_mean": 0.5690165133005124,
          "smape_mean": 0.6074085501512265,
          "score": 0.31794970741311057,
          "n_rows": 4264,
          "n_folds": 4
        },
        "gbr": {
          "mae_mean": 0.24753311415884305,
          "mae_std": 0.014508585421498842,
          "wape_mean": 0.5388498251733012,
          "smape_mean": 0.5877642789379592,
          "score": 0.29997444815257884,
          "n_rows": 4264,
          "n_folds": 4
        },
        "hgb": {
          "mae_mean": 0.24848669808982657,
          "mae_std": 0.009124937258730264,
          "wape_mean": 0.5418300419798802,
          "smape_mean": 0.5933765860682889,
          "score": 0.3005854371321782,
          "n_rows": 4264,
          "n_folds": 4
        },
        "rf": {
          "mae_mean": 0.24272197509132312,
          "mae_std": 0.011670343000218898,
          "wape_mean": 0.5291664812034297,