{
  "version": "20260204_155726",
  "created_at_utc": "2026-02-04T15:57:32.333523",
  "fact_path": "data/silver/fact_hidratacion_real_post_grado_destino.parquet",
  "target": "dh_dias",
  "clip_range_apply": [
    0,
    30
  ],
  "features": {
    "num": [
      "dow",
      "month",
      "weekofyear"
    ],
    "cat": [
      "destino",
      "grado"
    ]
  },
  "best_model": "gbr",
  "metrics": {
    "ridge": {
      "mae_mean": 1.1920584757214099,
      "mae_std": 0.09863866791647194,
      "wape_mean": 0.15573437031652232,
      "score": 0.9272678791301829,
      "n_rows": 5735,
      "n_folds": 4
    },
    "gbr": {
      "mae_mean": 1.0421590916553343,
      "mae_std": 0.1368865683928398,
      "wape_mean": 0.13528949302617108,
      "score": 0.8156013995347103,
      "n_rows": 5735,
      "n_folds": 4
    },
    "hgb": {
      "mae_mean": 1.0697308479484167,
      "mae_std": 0.1359569851935231,
      "wape_mean": 0.13893739693570953,
      "score": 0.8367344440210212,
      "n_rows": 5735,
      "n_folds": 4
    },
    "rf": {
      "mae_mean": 1.070375252706804,
      "mae_std": 0.11847575083494948,
      "wape_mean": 0.13889727425485202,
      "score": 0.8354636057518258,
      "n_rows": 5735,
      "n_folds": 4
    }
  },
  "model_path": "models_registry/ml1/dh_poscosecha/20260204_155726/model.joblib"
}