{
  "version": "20260204_185634",
  "created_at_utc": "2026-02-04T18:56:47.141817",
  "fact_path": "data/silver/fact_hidratacion_real_post_grado_destino.parquet",
  "target": "dh_dias",
  "clip_range_apply": [
    0,
    30
  ],
  "features": {
    "num": [
      "dow",
      "month",
      "weekofyear"
    ],
    "cat": [
      "destino",
      "grado"
    ]
  },
  "best_model": "gbr",
  "metrics": {
    "ridge": {
      "mae_mean": 1.1932370266621275,
      "mae_std": 0.09966806640728466,
      "wape_mean": 0.15589572508963453,
      "score": 0.9282789354007692,
      "n_rows": 5764,
      "n_folds": 4
    },
    "gbr": {
      "mae_mean": 1.0416152554042577,
      "mae_std": 0.1377958299252709,
      "wape_mean": 0.13521426240697976,
      "score": 0.8152731639067673,
      "n_rows": 5764,
      "n_folds": 4
    },
    "hgb": {
      "mae_mean": 1.0688705406834684,
      "mae_std": 0.13737219899728903,
      "wape_mean": 0.13881863101370237,
      "score": 0.8362129200643856,
      "n_rows": 5764,
      "n_folds": 4
    },
    "rf": {
      "mae_mean": 1.0690197800891237,
      "mae_std": 0.12080187839999382,
      "wape_mean": 0.1387104078112024,
      "score": 0.8346515840785225,
      "n_rows": 5764,
      "n_folds": 4
    }
  },
  "model_path": "models_registry/ml1/dh_poscosecha/20260204_185634/model.joblib"
}