{
  "version": "20260204_142522",
  "created_at_utc": "2026-02-04T14:25:22.082731",
  "features_path": "data\\features\\features_curva_cosecha_bloque_dia.parquet",
  "n_rows_train_total": 13390,
  "n_folds": 4,
  "best_model": "rf",
  "metrics": {
    "ridge": {
      "mae_mean": 0.9941524735344396,
      "mae_std": 0.0755749615997357,
      "wape_mean": 0.5957093219511435,
      "score": 0.7827617768659804,
      "n_rows": 13390,
      "n_folds": 4
    },
    "gbr": {
      "mae_mean": 0.5806916293071422,
      "mae_std": 0.0348906967768074,
      "wape_mean": 0.3493094227448509,
      "score": 0.45669687408542137,
      "n_rows": 13390,
      "n_folds": 4
    },
    "hgb": {
      "mae_mean": 0.5687069964337856,
      "mae_std": 0.044847365689486066,
      "wape_mean": 0.34208811462485733,
      "score": 0.4483353688166772,
      "n_rows": 13390,
      "n_folds": 4
    },
    "rf": {
      "mae_mean": 0.5684323332957119,
      "mae_std": 0.034447241253681635,
      "wape_mean": 0.3424871853667242,
      "score": 0.44725027971281256,
      "n_rows": 13390,
      "n_folds": 4
    }
  },
  "model_path": "models_registry/ml1/curva_tallos_dia/20260204_142522/model_curva_tallos_dia.joblib"
}