{
  "version": "20260204_142741",
  "created_at_utc": "2026-02-04T14:27:45.922781",
  "dim_path": "data/silver/dim_mermas_ajuste_fecha_post_destino.parquet",
  "target": "factor_desp",
  "clip_range_apply": [
    0.05,
    1.0
  ],
  "features": {
    "num": [
      "dow",
      "month",
      "weekofyear"
    ],
    "cat": [
      "destino"
    ]
  },
  "best_model": "hgb",
  "metrics": {
    "ridge": {
      "mae_mean": 0.05923924807591593,
      "mae_std": 0.00881669018965944,
      "score": 0.05167586439297746,
      "n_rows": 603,
      "n_folds": 4
    },
    "gbr": {
      "mae_mean": 0.06592013395969887,
      "mae_std": 0.00978800354537196,
      "score": 0.05750031439754983,
      "n_rows": 603,
      "n_folds": 4
    },
    "hgb": {
      "mae_mean": 0.05477069502675596,
      "mae_std": 0.010912176395142416,
      "score": 0.04819191723201393,
      "n_rows": 603,
      "n_folds": 4
    },
    "rf": {
      "mae_mean": 0.054982017194700576,
      "mae_std": 0.009829524136987084,
      "score": 0.048209143236043556,
      "n_rows": 603,
      "n_folds": 4
    }
  },
  "model_path": "models_registry/ml1/desp_poscosecha/20260204_142741/model.joblib"
}